Customer ID,license_id (metadata),foo (metadata)
cus_OpYWL3YnrsTO6o,,
cus_OpYUjEq9l9RrbM,,
cus_OpYBShWzfw2Wsb,,
cus_OpXBeepHrpG8q6,,
cus_OpWIPHD2I7VloJ,,
cus_OpVqnsilKbMrCa,,
cus_OpTcWGBWlpOnK8,,
cus_OpTcyPBvATNjnH,,
cus_OpTad7xFi9oOBw,,
cus_OpTaGUJiFhqT4G,,
cus_OozVPTVYr9KxQB,,
cus_OozUHDxY2M8jDC,,
cus_OozUMiAPbCCT0P,,
cus_OozJ6PCtOmPJae,,
cus_OobWeesf7dq6Nf,,
cus_OoDJzMNgwbQDOz,,
cus_Oo2BCToyrNkgH1,,
cus_OnzPFsHATQqYsB,,
cus_OnzO9EsVEhJpLg,,
cus_OnyVTWC6oRw29D,,
cus_OnxoWANaI1OrNS,,
cus_Onxn0YEbNwyq4e,,
cus_OnxmJBUxlWnFzQ,,
cus_OnxkqPEh34Gefr,,
cus_OnxeWUlGME0Ioc,,
cus_Onxdvd5dYN9CtQ,,
cus_OnxdPCLQDgo20l,,
cus_OnxZI2Rxasiuxn,,
cus_OnxYUb1yP0UFeU,,
cus_OnxSHdWB9pFBiC,,
cus_OnxRDiQQdefudB,,
cus_OnxMKhHLjvj75d,,
cus_OnxDP31luS1DSp,,
cus_Onq2trsv8O12ov,,
cus_OngoCaAgON2yT5,,
cus_Onf6ZL4jyF0XNZ,,
cus_OnemMawROwA6Qm,,
cus_Onedi3KwQkax06,,
cus_OneWWKjWzcqqdC,,
cus_OneCOcmldy1WyR,,
cus_One6I7feug2BGY,,
cus_One5ciDKM2m3Du,,
cus_OndxpBniJ1UVEc,,
cus_Ondmev9ONNXdRh,,
cus_OndlpGMEsrdLHc,,
cus_OndlNu9lfdLQTl,,
cus_OndlQA9AxzxDdf,,
cus_OndktouTaTPfDY,,
cus_OndibWK8fSyOai,,
cus_OndeHCkTjqnPYU,,
cus_Onddg5SLXzkEyq,,
cus_OndcqhPbBpIzFM,,
cus_OndcLfqdMuynB6,,
cus_OndcZj35dXMuyS,,
cus_OndcSnFiTv3vwp,,
cus_OndcrL02pNzXTZ,,
cus_Ondcpdpvrs6BoH,,
cus_OndbRAPEWvRcTB,,
cus_OndbNipizOyEAN,,
cus_OndSu18ucxqpRm,,
cus_OnbDz3ZjcxULnc,,
cus_OnaQ8Ohjynwfmg,,
cus_OnaQSrn3TRmX3q,,
cus_OnaFh9ZnsvKmtI,,
cus_OnaEtpLN4CW1XW,,
cus_OnXovPVVtreXtS,,
cus_OnXXnunNTu9wJO,,
cus_OnK8fKpyxmDONS,,
cus_OnJcPu8GtmD9h4,,
cus_OnJQ6GusNONAOp,,
cus_OnIpRuyAaZ8pYd,,
cus_OnIn8SVIr0OUw3,,
cus_OnImF366EGZzbg,,
cus_OnI8YEAX9IgT9l,,
cus_OnHpMSHlE3A8cB,,
cus_OnHdntA3NgP6uL,,
cus_OnGV6QJVRrjQHL,,
cus_OnGPsX1ZP9k1aS,,
cus_OnFYAx8Mmb9xnV,,
cus_OnEgOeaD3sGu9A,,
cus_OnEOf6YbRcDAAg,,
cus_OnDuzAQ2yPMO9F,,
cus_OnDKPmm4PJFt0J,,
cus_OnDKu8RchA4g21,,
cus_OnDGjLbwn44sRq,,
cus_OnDFMuLHhIhJYP,,
cus_OnDE82Fr1snHbl,,
cus_OnD1lUrpZolX6U,,
cus_OnCnRw4UEeujiP,,
cus_OnBiYLQtmSElAt,,
cus_OnBTHddxUeNMqj,,
cus_OnB7yVno9CiXTm,,
cus_OnAfOJuKWHyXKJ,,
cus_On5bBlAW5pSvgS,,
cus_On3fnCj52ZQLNL,,
cus_On3bULWrOXBmgb,,
cus_On2U7H1OkTsxFx,,
cus_On2QT4uPk956oC,,
cus_On2QBQidand92Y,,
cus_On1uyGI6xIAiDA,,
cus_On1rD13JW82cyv,,
cus_On1Ur8KfrMGyOq,,
cus_On01dW4tCaPMin,,
cus_OmzzBlbjQbqinm,,
cus_OmzcbbIrCpdv8E,,
cus_OmxMMsDVhj2MBK,,
cus_Omx8iKXQStKUKV,,
cus_OmweglzkCriNS3,,
cus_OmwdgxIHUCvanC,,
cus_Omwbehrs6Jae8O,,
cus_OmwLbqjrypMx6Y,,
cus_OmwJydyreIW8YJ,,
cus_OmwGZoYBIhIHkd,,
cus_OmwBE1fC9aj0TF,,
cus_Omw5UjuRHuI8l2,,
cus_Omw3V5rZoMgsX5,,
cus_Omw3KRnRyPYpN1,,
cus_OmvyF8Zxh3vSb1,,
cus_Omvn8q6S7iJLcz,,
cus_OmvJwpe0u5EQ1J,,
cus_Omv7X2bL9z7Xzf,,
cus_Omv1rsZAWVMd7H,,
cus_OmupcjKs9Cy58e,,
cus_OmulozeX3DY8UL,,
cus_OmuihMiwdyjGFO,,
cus_OmuXgFazAm4pTO,,
cus_OmuUIN57Zd84hZ,,
cus_OmuOOy5jOE291H,,
cus_OmuMSjTK0W9od6,,
cus_OmtUMDapWAGuCb,,
cus_OmtQ9qpdY3kffX,,
cus_OmtG31dPksluH5,,
cus_OmtF9vkPeS71Ee,,
cus_OmtFAMwWZnL09p,,
cus_OmrGTzlCYC3aWd,,
cus_OmrG31sT5Thjp9,,
cus_OmrF6vWdIbv1dR,,
cus_Omnguu17LmmTHz,,
cus_OmnWWlvNmNDKmx,,
cus_OmnV09uFNGYbNI,,
cus_OmnA3gCxcSNqtC,,
cus_OmmskYbSwqsYTh,,
cus_OmmIMTeeeC51bk,,
cus_OmjKdUde3ELoZO,,
cus_OmjBk6BNTXMawp,,
cus_OmiQCHGFio6Jfa,,
cus_OmiQg2jjQ3f3Le,,
cus_OmiNJ5Ig2UCnPo,,
cus_OmMMCz0OhsNvrJ,,
cus_OmMJCDRBAfgNXK,,
cus_OmMIa0mgmEZnJr,,
cus_Olwge3PJAlGV96,,
cus_OlwgqwQb72Enps,,
cus_OlwAxlOIyRKg4u,,
cus_OluVdLofWUuEKT,,
cus_OlseCDYZgb4O1K,,
cus_Ols2ZVMm1DlSKn,,
cus_Ols14TrnKcEhCo,,
cus_OlrxCmEgPEzjxX,,
cus_Olrk3mSp3TKe5c,,
cus_Olri5mhT5IyHAr,,
cus_OlrSk81ek4yA41,,
cus_Olm2ib9n3lfok7,,
cus_OllX0QdxqyKMEx,,
cus_OlkVvXe0RnNI0J,,
cus_OljNZSa7jWxAUk,,
cus_OljK8oZA6H0X5B,,
cus_OliKxHrCfSiD7V,,
cus_OliJ6WI56Gicvc,,
cus_OldcyHhQkbMHHM,,
cus_OldH9TWBojrpJH,,
cus_OldB4K8m86n71k,,
cus_OlahXKDerr37FD,,
cus_OlUMjyuUIlPhOK,,
cus_OlTHSVh8o1D7MH,,
cus_OlTHz5HLK17LlY,,
cus_OlSaD5pjCuv83e,,
cus_OlHF6PGcK6bCpi,,
cus_OlDWU21sUQHRRo,,
cus_Ol9ap0Lx2dN2XT,,
cus_Ol9abwrMPWfZiJ,,
cus_Ol9X6JMIFyvkhz,,
cus_Ol91DRwCl039PZ,,
cus_Ol7hteTHiJrTIV,,
cus_Ol7hQYg6htjBVB,,
cus_Ol7WBGyRYNRgbV,,
cus_Ol7W0jdV6o7mjs,,
cus_OVgJhDrm7QtN5Q,,
cus_OkyBgBOnFIOLVi,,
cus_Okt8QCuOVv4JCH,,
cus_Oksxs1Anqh90kH,,
cus_OkqIUUsbSkx8mM,,
cus_Okh4Bz4aT40PYW,,
cus_OkgWmknAywCOWy,,
cus_OkgTp6cNMMehKg,,
cus_OkgE0q5jy1B7e0,,
cus_OkcxwLDJiEgB1O,,
cus_OkbCjgdnwSIMOW,,
cus_OkarmqxufbQj7L,,
cus_Okalvnbd3tgBIM,,
cus_OkaZZccjSB6YMC,,
cus_OkZmitmjzHejYt,,
cus_OkZcKnHJWG1WxW,,
cus_OkYvGgRsu4HcqR,,
cus_OkYXYehgafeNSP,,
cus_OkY96JwDvBd07R,,
cus_OkT166c3ZfvWrP,,
cus_OkH8E6ZipcsivN,,
cus_OkEQNoKddNKGzQ,,
cus_OkEQakwZhCT88g,,
cus_OkENfjTXK8VE0j,,
cus_OkEN5OE6oW5brE,,
cus_Ok5wTixQufW4q4,,
cus_OjjdSEixPpVo5r,,
cus_OjjcW7D2DEk2un,,
cus_OjjbdDaN27WmWG,,
cus_Ojja26AMABpKa8,,
cus_OjjaUIL1tQP9GN,,
cus_OjjamuaaQW6TJN,,
